,sentence1,sentence2,gold_label,result
0,This church choir sings to the masses as they sing joyous songs from the book at a church.,The church has cracks in the ceiling.,neutral,neutral
1,This church choir sings to the masses as they sing joyous songs from the book at a church.,The church is filled with song.,entailment,entailment
2,This church choir sings to the masses as they sing joyous songs from the book at a church.,A choir singing at a baseball game.,contradiction,contradiction
3,"A woman with a green headscarf, blue shirt and a very big grin.",The woman is young.,neutral,neutral
4,"A woman with a green headscarf, blue shirt and a very big grin.",The woman is very happy.,entailment,entailment
5,"A woman with a green headscarf, blue shirt and a very big grin.",The woman has been shot.,contradiction,neutral
6,An old man with a package poses in front of an advertisement.,A man poses in front of an ad.,entailment,entailment
7,An old man with a package poses in front of an advertisement.,A man poses in front of an ad for beer.,neutral,neutral
8,An old man with a package poses in front of an advertisement.,A man walks by an ad.,contradiction,contradiction
9,A statue at a museum that no seems to be looking at.,The statue is offensive and people are mad that it is on display.,neutral,neutral
10,A statue at a museum that no seems to be looking at.,There is a statue that not many people seem to be interested in.,entailment,entailment
11,A statue at a museum that no seems to be looking at.,Tons of people are gathered around the statue.,contradiction,contradiction
12,A land rover is being driven across a river.,A Land Rover is splashing water as it crosses a river.,entailment,neutral
13,A land rover is being driven across a river.,A vehicle is crossing a river.,entailment,entailment
14,A land rover is being driven across a river.,A sedan is stuck in the middle of a river.,contradiction,contradiction
15,A man playing an electric guitar on stage.,A man playing banjo on the floor.,contradiction,contradiction
16,A man playing an electric guitar on stage.,A man playing guitar on stage.,entailment,entailment
17,A man playing an electric guitar on stage.,A man is performing for cash.,neutral,neutral
18,A blond-haired doctor and her African american assistant looking threw new medical manuals.,A doctor is looking at a book,entailment,entailment
19,A blond-haired doctor and her African american assistant looking threw new medical manuals.,A man is eating pb and j,contradiction,contradiction
20,A blond-haired doctor and her African american assistant looking threw new medical manuals.,A doctor is studying,neutral,neutral
21,"One tan girl with a wool hat is running and leaning over an object, while another person in a wool hat is sitting on the ground.",A boy runs into a wall,contradiction,contradiction
22,"One tan girl with a wool hat is running and leaning over an object, while another person in a wool hat is sitting on the ground.",A tan girl runs leans over an object,entailment,entailment
23,"One tan girl with a wool hat is running and leaning over an object, while another person in a wool hat is sitting on the ground.",A man watches his daughter leap,neutral,contradiction
24,A young family enjoys feeling ocean waves lap at their feet.,A young man and woman take their child to the beach for the first time.,neutral,neutral
25,A young family enjoys feeling ocean waves lap at their feet.,A family is out at a restaurant.,contradiction,contradiction
26,A young family enjoys feeling ocean waves lap at their feet.,A family is at the beach.,entailment,entailment
27,A couple walk hand in hand down a street.,A couple is walking together.,entailment,entailment
28,A couple walk hand in hand down a street.,The couple is married.,neutral,neutral
29,A couple walk hand in hand down a street.,A couple is sitting on a bench.,contradiction,contradiction
30,3 young man in hoods standing in the middle of a quiet street facing the camera.,Three people sit by a busy street bareheaded.,contradiction,contradiction
31,3 young man in hoods standing in the middle of a quiet street facing the camera.,Three hood wearing people pose for a picture.,entailment,entailment
32,3 young man in hoods standing in the middle of a quiet street facing the camera.,Three hood wearing people stand in a street.,entailment,entailment
33,A man reads the paper in a bar with green lighting.,The man is inside.,entailment,entailment
34,A man reads the paper in a bar with green lighting.,The man is reading the sportspage.,neutral,neutral
35,A man reads the paper in a bar with green lighting.,The man is climbing a mountain.,contradiction,contradiction
36,Three firefighter come out of subway station.,Three firefighters putting out a fire inside of a subway station.,neutral,neutral
37,Three firefighter come out of subway station.,Three firefighters coming up from a subway station.,entailment,entailment
38,Three firefighter come out of subway station.,Three firefighters playing cards inside a fire station.,contradiction,contradiction
39,"A person wearing a straw hat, standing outside working a steel apparatus with a pile of coconuts on the ground.",A person is near a pile of coconuts.,entailment,entailment
40,"A person wearing a straw hat, standing outside working a steel apparatus with a pile of coconuts on the ground.",A person is selling coconuts.,neutral,neutral
41,"A person wearing a straw hat, standing outside working a steel apparatus with a pile of coconuts on the ground.",A person is burning a straw hat.,contradiction,contradiction
42,Male in a blue jacket decides to lay in the grass.,The guy in yellow is rolling on the grass,contradiction,contradiction
43,Male in a blue jacket decides to lay in the grass.,The guy wearing a blue jacket is laying on the green grass,entailment,neutral
44,Male in a blue jacket decides to lay in the grass.,The guy wearing a blue jacket is laying on the green grass taking a nap.,neutral,neutral
45,During calf roping a cowboy calls off his horse.,A first time roper falls off his horse.,neutral,contradiction
47,During calf roping a cowboy calls off his horse.,A man ropes a calf successfully.,contradiction,neutral
48,A little boy in a gray and white striped sweater and tan pants is playing on a piece of playground equipment.,A boy is on a playground.,entailment,entailment
49,A little boy in a gray and white striped sweater and tan pants is playing on a piece of playground equipment.,The boy is playing on the swings after school.,neutral,neutral
50,A little boy in a gray and white striped sweater and tan pants is playing on a piece of playground equipment.,The boy is sitting on the school bus on his way home.,contradiction,contradiction
51,A woman wearing a ball cap squats down to touch the cracked earth.,An archeologist wearing a hat squats to examine the site for a dig,neutral,neutral
52,A woman wearing a ball cap squats down to touch the cracked earth.,A squatting woman wearing a hat touching the ground.,entailment,entailment
53,A woman wearing a ball cap squats down to touch the cracked earth.,A woman wearing a sun bonnet planting a garden.,contradiction,contradiction
54,Two children re laying on a rug with some wooden bricks laid out in a square between them.,Two children are building a brick furnace.,neutral,contradiction
55,Two children re laying on a rug with some wooden bricks laid out in a square between them.,Two children are playing catch at a park.,contradiction,contradiction
56,Two children re laying on a rug with some wooden bricks laid out in a square between them.,Two children are on a rug.,entailment,entailment
57,A man standing in front of a building on the phone as two men to the side pain on the side.,a guy near a building stands by two other men,entailment,entailment
58,A man standing in front of a building on the phone as two men to the side pain on the side.,two girls walk through a hall,contradiction,contradiction
59,A man standing in front of a building on the phone as two men to the side pain on the side.,a busy man stands with bodyguards,neutral,neutral
60,"The two young girls are dressed as fairies, and are playing in the leaves outdoors.",Girls are playing outdoors.,entailment,entailment
61,"The two young girls are dressed as fairies, and are playing in the leaves outdoors.",Two girls play dress up indoors.,contradiction,contradiction
62,"The two young girls are dressed as fairies, and are playing in the leaves outdoors.",The two girls play in the Autumn.,neutral,entailment
63,People jump over a mountain crevasse on a rope.,Some people look visually afraid to jump.,neutral,neutral
64,People jump over a mountain crevasse on a rope.,People are jumping outside.,entailment,entailment
65,People jump over a mountain crevasse on a rope.,People slide over a mountain crevasse on a slide.,contradiction,contradiction
66,A snowboarder on a wide plain of snow,A snow field with a snowboarder on it,entailment,entailment
67,A snowboarder on a wide plain of snow,A snowboarder gliding over a field of snow,neutral,entailment
68,A snowboarder on a wide plain of snow,A snowmobile in a blizzard,neutral,contradiction
69,An older women tending to a garden.,The lady is cooking dinner,contradiction,contradiction
70,An older women tending to a garden.,The lady is weeding her garden,neutral,neutral
71,An older women tending to a garden.,The lady has a garden,entailment,entailment
72,A man in a black shirt overlooking bike maintenance.,A man destroys a bike.,contradiction,contradiction
73,A man in a black shirt overlooking bike maintenance.,A man watches bike repairs.,entailment,entailment
74,A man in a black shirt overlooking bike maintenance.,A man learns bike maintenance.,neutral,contradiction
75,A man in a black shirt is looking at a bike in a workshop.,A man is wearing a red shirt,contradiction,contradiction
76,A man in a black shirt is looking at a bike in a workshop.,A man is in a black shirt,entailment,entailment
77,A man in a black shirt is looking at a bike in a workshop.,A man is deciding which bike to buy,neutral,neutral
78,A man looking over a bicycle's rear wheel in the maintenance garage with various tools visible in the background.,A person is in a garage.,entailment,entailment
79,A man looking over a bicycle's rear wheel in the maintenance garage with various tools visible in the background.,A man repairs bicycles.,entailment,entailment
80,A man looking over a bicycle's rear wheel in the maintenance garage with various tools visible in the background.,A man waits outside a garage.,contradiction,contradiction
81,"Three people sit on a bench at a station, the man looks oddly at the two women, the redheaded women looks up and forward in an awkward position, and the yellow blond girl twiddles with her hair.",Some people stand around.,contradiction,contradiction
82,"Three people sit on a bench at a station, the man looks oddly at the two women, the redheaded women looks up and forward in an awkward position, and the yellow blond girl twiddles with her hair.",People run together.,contradiction,contradiction
83,"Three people sit on a bench at a station, the man looks oddly at the two women, the redheaded women looks up and forward in an awkward position, and the yellow blond girl twiddles with her hair.",People wait at a station.,entailment,entailment
84,A child wearing a red top is standing behind a blond headed child sitting in a wheelbarrow.,A child wearing a red top is standing behind a blond headed child,entailment,entailment
85,A child wearing a red top is standing behind a blond headed child sitting in a wheelbarrow.,A child wearing a red top is standing on top of a blond headed child,contradiction,contradiction
86,A child wearing a red top is standing behind a blond headed child sitting in a wheelbarrow.,A child wearing a red top is standing behind a pretty blond headed child,neutral,neutral
87,"A person dressed in a dress with flowers and a stuffed bee attached to it, is pushing a baby stroller down the street.",A lady sitting on a bench in the park.,contradiction,contradiction
88,"A person dressed in a dress with flowers and a stuffed bee attached to it, is pushing a baby stroller down the street.",An old lady pushing a stroller down a busy street.,neutral,neutral
89,"A person dressed in a dress with flowers and a stuffed bee attached to it, is pushing a baby stroller down the street.",A person outside pushing a stroller.,entailment,entailment
90,A dog jumping for a Frisbee in the snow.,A pet is enjoying a game of fetch with his owner.,neutral,entailment
91,A dog jumping for a Frisbee in the snow.,A cat washes his face and whiskers with his front paw.,contradiction,contradiction
92,A dog jumping for a Frisbee in the snow.,"An animal is outside in the cold weather, playing with a plastic toy.",entailment,entailment
93,People are conversing at a dining table under a canopy.,People at a party are seated for dinner on the lawn.,neutral,contradiction
94,People are conversing at a dining table under a canopy.,People are talking underneath a covering.,entailment,entailment
95,People are conversing at a dining table under a canopy.,People are screaming at a boxing match.,contradiction,contradiction
96,A girl playing a violin along with a group of people,A girl is washing a load of laundry.,contradiction,contradiction
97,A girl playing a violin along with a group of people,A girl is playing an instrument.,entailment,entailment
98,A girl playing a violin along with a group of people,A group of people are playing in a symphony.,neutral,neutral
99,A woman within an orchestra is playing a violin.,A woman is playing a concert.,neutral,entailment
100,A woman within an orchestra is playing a violin.,A woman is playing the violin.,entailment,entailment
101,A woman within an orchestra is playing a violin.,A man is looking in a telescope.,contradiction,contradiction
102,"Three men, one holding pipes, another holding a large object above his head, and one resting against the pipe bed on the truck, are looking at the camera.",three men going to work,neutral,neutral
103,"Three men, one holding pipes, another holding a large object above his head, and one resting against the pipe bed on the truck, are looking at the camera.",three men look at the camera,entailment,entailment
104,"Three men, one holding pipes, another holding a large object above his head, and one resting against the pipe bed on the truck, are looking at the camera.",three men sleeping in a tent,contradiction,contradiction
105,A Ford car is making a right turn as 3 males are walking across the street behind the car.,A car making a right turn had three pedestrians cross behind it.,entailment,entailment
106,A Ford car is making a right turn as 3 males are walking across the street behind the car.,A sedan was turning a corner as walkers were crossing.,neutral,entailment
108,Three boys in white shirts are walking behind an older model Ford car.,there are three boys,entailment,entailment
109,Three boys in white shirts are walking behind an older model Ford car.,There are three girls,contradiction,contradiction
110,Three boys in white shirts are walking behind an older model Ford car.,The boys are on the street,entailment,entailment
111,Three girls blow out the candles of a cake made of Peeps.,Some people are blowing out candles,entailment,entailment
112,Three girls blow out the candles of a cake made of Peeps.,There are three girls and a cake,entailment,entailment
113,Three girls blow out the candles of a cake made of Peeps.,There are peeps in the garden.,contradiction,neutral
114,A crowd of people looking up at 3 people on the edge of the roof of a building.,The crowd is calling for help for the people on the roof.,neutral,neutral
115,A crowd of people looking up at 3 people on the edge of the roof of a building.,The crowd on the ground is watching 3 people on the roof's edge.,entailment,entailment
116,A crowd of people looking up at 3 people on the edge of the roof of a building.,Three people are climbing down the ladder on the building.,contradiction,contradiction
117,A woman working long hours.,A woman is working in a factory.,neutral,neutral
118,A woman working long hours.,A woman is working.,entailment,entailment
119,A woman working long hours.,A woman is sleeping.,contradiction,contradiction
120,Two teenage girls conversing next to lockers.,Girls talking next to the toilet.,contradiction,contradiction
121,Two teenage girls conversing next to lockers.,People talking next to lockers.,entailment,entailment
122,Two teenage girls conversing next to lockers.,Girls talking about their problems next to lockers.,neutral,neutral
123,An old woman watches a man look down at some balls on the ground.,An elderly female is stalking a male.,neutral,neutral
125,An old woman watches a man look down at some balls on the ground.,Two people are sleeping on the train.,contradiction,contradiction
126,"Two children, both wearing tan coats, are embracing one another.",Two kids are hugging after surviving a horrible car wreck.,neutral,neutral
127,"Two children, both wearing tan coats, are embracing one another.",Two kids are hugging.,entailment,entailment
128,"Two children, both wearing tan coats, are embracing one another.",Two kids are running down a highway.,contradiction,contradiction
129,2 kids who look related are hanging out with 1 of them looking very emotional and hugging the other.,A couple of child relatives were hugging because they were happy to see each other.,neutral,neutral
130,2 kids who look related are hanging out with 1 of them looking very emotional and hugging the other.,Two kids were hugging.,entailment,entailment
131,2 kids who look related are hanging out with 1 of them looking very emotional and hugging the other.,Two youths were pushing each other.,contradiction,contradiction
132,A large number of people wearing only white and red are walking on a street.,A large number of people wearing black walking down the street.,contradiction,contradiction
133,A large number of people wearing only white and red are walking on a street.,A large number of men walking down the street in red and white.,neutral,neutral
134,A large number of people wearing only white and red are walking on a street.,A large number of people walking on a street.,entailment,entailment
135,A guy riding a motorcycle near junk cars,The man is test driving a motorcycle to decide whether or not he will buy it.,neutral,neutral
136,A guy riding a motorcycle near junk cars,A man is riding a motorcycle.,entailment,entailment
137,A guy riding a motorcycle near junk cars,A man is sitting on a parked motorcycle waiting for his friend.,contradiction,contradiction
138,"Women of India performing with blue streamers, in beautiful blue costumes.",indian women perform together in gorgeous costumes,entailment,entailment
139,"Women of India performing with blue streamers, in beautiful blue costumes.",dogs sniff the air,contradiction,neutral
140,"Women of India performing with blue streamers, in beautiful blue costumes.",indian women are performing a religious ritual together,neutral,neutral
141,A professional swimmer spits water out after surfacing while grabbing the hand of someone helping him back to land.,A person is swimming.,entailment,entailment
142,A professional swimmer spits water out after surfacing while grabbing the hand of someone helping him back to land.,The swimmer is eating a toasted marshmallow.,contradiction,contradiction
143,A professional swimmer spits water out after surfacing while grabbing the hand of someone helping him back to land.,The swimmer almost drowned after being sucked under a fast current.,neutral,neutral
144,The man in the black wetsuit is walking out of the water.,A man in a wetsuit walks out of the water carrying a surfboard.,neutral,neutral
145,The man in the black wetsuit is walking out of the water.,a person is walking out of water.,entailment,entailment
146,The man in the black wetsuit is walking out of the water.,A man is laying on the beach.,contradiction,contradiction
147,Five girls and two guys are crossing a overpass.,The extended family hike together on their family reunion.,neutral,contradiction
148,Five girls and two guys are crossing a overpass.,The three men sit and talk about their lives.,contradiction,contradiction
149,Five girls and two guys are crossing a overpass.,There are people outside.,entailment,entailment
150,A person with a purple shirt is painting an image of a woman on a white wall.,A woman paints a portrait of her best friend.,neutral,contradiction
151,A person with a purple shirt is painting an image of a woman on a white wall.,A woman paints a portrait of a person.,neutral,contradiction
152,A person with a purple shirt is painting an image of a woman on a white wall.,A woman paints a portrait of a monkey.,contradiction,contradiction
153,A woman is painting a mural of a woman's face.,There is a woman painting.,entailment,entailment
154,A woman is painting a mural of a woman's face.,There is a woman painting for fun.,neutral,neutral
155,A woman is painting a mural of a woman's face.,There is a man tying his shoes.,contradiction,contradiction
156,A couple is eating outside at a table and he is pointing at something.,A couple is eating inside at a table and he is pointing at something.,contradiction,contradiction
157,A couple is eating outside at a table and he is pointing at something.,The man is pointing at a purse snatcher.,neutral,neutral
158,A couple is eating outside at a table and he is pointing at something.,People are eating at a table outside.,entailment,entailment
159,Two women walk down a sidewalk along a busy street in a downtown area.,The women were walking downtown because the buses were on strike,neutral,neutral
160,Two women walk down a sidewalk along a busy street in a downtown area.,The women were picking berries in the countryside,contradiction,contradiction
161,Two women walk down a sidewalk along a busy street in a downtown area.,The women were walking downtown,entailment,entailment
162,"Many people standing outside of a place talking to each other in front of a building that has a sign that says ""HI-POINTE.""",The people are having a chat before going into the work building.,neutral,neutral
163,"Many people standing outside of a place talking to each other in front of a building that has a sign that says ""HI-POINTE.""",The group of people aren't inide of the building.,entailment,neutral
164,"Many people standing outside of a place talking to each other in front of a building that has a sign that says ""HI-POINTE.""",The people are sitting in the hotel lobby.,contradiction,contradiction
165,The flight attendant dressed in yellow demonstrates life vest usage.,A flight attendant is standing in front of passengers.,neutral,entailment
166,The flight attendant dressed in yellow demonstrates life vest usage.,A flight attendant is demonstrating safety procedures before takeoff.,neutral,neutral
167,The flight attendant dressed in yellow demonstrates life vest usage.,A woman is preparing drinks on an airplane.,contradiction,contradiction
168,The girls walk down the street.,Girls walk down the street.,entailment,entailment
169,The girls walk down the street.,Girls set down in the street.,contradiction,contradiction
170,The girls walk down the street.,Girls were going to the park.,neutral,neutral
171,A man wearing a red uniform and helmet stands on his motorbike.,a man sitting in a car.,contradiction,contradiction
172,A man wearing a red uniform and helmet stands on his motorbike.,a person standing.,entailment,entailment
173,A man wearing a red uniform and helmet stands on his motorbike.,a man standing on his motorbike.,entailment,entailment
174,A man of the cloth puts a black substance on a man's forehead.,The man puts something on the other mans head.,entailment,entailment
175,A man of the cloth puts a black substance on a man's forehead.,The women are at the park.,contradiction,contradiction
176,A man of the cloth puts a black substance on a man's forehead.,The men are at church.,neutral,neutral
177,A person rolls down a hill riding a wagon as another watches.,Two people are outside.,entailment,entailment
178,A person rolls down a hill riding a wagon as another watches.,A person stares at an empty hill.,contradiction,contradiction
179,A person rolls down a hill riding a wagon as another watches.,A child in a wagon rolls down a hill.,neutral,neutral
180,a boy holding onto the wall of an old brick house's raised foundation.,a boy holding onto the wall of an old brick house's raised foundation as construction occurs,neutral,neutral
181,a boy holding onto the wall of an old brick house's raised foundation.,a girl is leaning against the wall,contradiction,contradiction
182,a boy holding onto the wall of an old brick house's raised foundation.,a boy is against the wall of a raised foundation,entailment,entailment
183,"Bruce Springsteen, with one arm outstretched, is singing in the spotlight in a dark concert hall.",Bruce Springsteen is from Florida.,neutral,neutral
184,"Bruce Springsteen, with one arm outstretched, is singing in the spotlight in a dark concert hall.",Bruce Springsteen is a singer.,entailment,entailment
185,"Bruce Springsteen, with one arm outstretched, is singing in the spotlight in a dark concert hall.",Bruce Springsteen is gay,neutral,neutral
186,Six dogs swimming in a river.,Six dogs swim across the river.,neutral,neutral
187,Six dogs swimming in a river.,Six dogs are outdoors.,entailment,entailment
188,Six dogs swimming in a river.,The puppies are setting on the couch.,contradiction,contradiction
189,A man and woman are taking a picture of themselves while a woman in a scarf walks by them.,A man and woman have mug shots taken because they have been arrested.,contradiction,contradiction
190,A man and woman are taking a picture of themselves while a woman in a scarf walks by them.,A man and woman take selfies while a woman walks by and judges them.,neutral,neutral
191,A man and woman are taking a picture of themselves while a woman in a scarf walks by them.,A man and woman take selfies of themselves.,entailment,neutral
192,a group of people dancing together.,People are dancing.,entailment,entailment
193,a group of people dancing together.,They are doing the tango.,neutral,neutral
194,a group of people dancing together.,No one is dancing.,contradiction,contradiction
195,Men wearing blue uniforms sit on a bus.,Men sit on the bus.,entailment,entailment
196,Men wearing blue uniforms sit on a bus.,"Men sit on the bus going to work,",neutral,neutral
197,Men wearing blue uniforms sit on a bus.,Men drive the bus into the ocean.,contradiction,contradiction
198,Two men climbing on a wooden scaffold.,Two people climbing on a wooden scaffold.,entailment,entailment
199,Two men climbing on a wooden scaffold.,Two women climbing on a wooden scaffold.,contradiction,contradiction
200,Two men climbing on a wooden scaffold.,Two sad men climbing on a wooden scaffold.,neutral,neutral
202,A bird is flapping its wings on the water.,The bird is flying over the trees.,contradiction,contradiction
203,A bird is flapping its wings on the water.,The duck is swimming in the lake.,neutral,neutral
204,A young boy wearing a red shirt and jeans stands in the middle of a field and throws a toy plane in the air.,A young boy is playing in a feild.,entailment,entailment
205,A young boy wearing a red shirt and jeans stands in the middle of a field and throws a toy plane in the air.,A young boy is playing in the field because his mother kicked him out of the house.,neutral,neutral
206,A young boy wearing a red shirt and jeans stands in the middle of a field and throws a toy plane in the air.,A young boy is playing video games indoors.,contradiction,contradiction
207,Six or seven people are standing on a pier with a table and a pair of glasses in the foreground.,They are going fishing.,neutral,neutral
208,Six or seven people are standing on a pier with a table and a pair of glasses in the foreground.,Six or seven people are standing on a pier.,entailment,entailment
209,Six or seven people are standing on a pier with a table and a pair of glasses in the foreground.,They are in a boat.,contradiction,contradiction
210,A person in a red shirt and black pants hunched over.,A person wears a red shirt.,entailment,entailment
211,A person in a red shirt and black pants hunched over.,The person is a woman.,neutral,neutral
212,A person in a red shirt and black pants hunched over.,The person is wearing a green shirt.,contradiction,contradiction
213,This child is on the library steps.,The child is on the school steps.,contradiction,contradiction
214,This child is on the library steps.,The child is on the steps.,entailment,entailment
215,This child is on the library steps.,The child is on the steps inside the library.,neutral,entailment
216,The tattooed basketball player is about to dunk the ball.,The man is playing football..,contradiction,contradiction
217,The tattooed basketball player is about to dunk the ball.,The person is playing basketball.,entailment,entailment
218,The tattooed basketball player is about to dunk the ball.,The player has a tattoo that says mother.,neutral,neutral
219,a boy in a red hooded top is smiling whilst looking away from his reflection.,A boy in a red hood is happy.,entailment,entailment
220,a boy in a red hooded top is smiling whilst looking away from his reflection.,The boy doesn't want to see his reflection.,neutral,neutral
221,a boy in a red hooded top is smiling whilst looking away from his reflection.,The boy is upset.,contradiction,contradiction
222,A man wearing a gray ball cap walks next to a redheaded woman wearing a long-sleeved blue jean shirt.,the man is wearing a gray cap.,entailment,entailment
223,A man wearing a gray ball cap walks next to a redheaded woman wearing a long-sleeved blue jean shirt.,The man is wearing a blue cap.,contradiction,contradiction
224,A man wearing a gray ball cap walks next to a redheaded woman wearing a long-sleeved blue jean shirt.,The man is cold.,neutral,neutral
225,"An old man in a baseball hat and an old woman in a jean jacket are standing outside, but are covered mostly in shadow.",An old woman has a light jean jacket.,neutral,neutral
226,"An old man in a baseball hat and an old woman in a jean jacket are standing outside, but are covered mostly in shadow.",An old woman has a jean jacket.,entailment,entailment
227,"An old man in a baseball hat and an old woman in a jean jacket are standing outside, but are covered mostly in shadow.",An old woman has no jacket.,contradiction,contradiction
228,A newlywed couple laughing and talking amongst themselves.,The couple is having fun.,entailment,entailment
229,A newlywed couple laughing and talking amongst themselves.,The couple just got married.,entailment,entailment
230,A newlywed couple laughing and talking amongst themselves.,The couple is divorced.,contradiction,contradiction
231,A black man in a long sleeves white collared shirt and a tie is walking to work in a big city.,The man is wearing shorts and a t-shirt as he jogs.,contradiction,contradiction
232,A black man in a long sleeves white collared shirt and a tie is walking to work in a big city.,The man is moving.,entailment,entailment
233,A black man in a long sleeves white collared shirt and a tie is walking to work in a big city.,The man is wearing work attire and is walking to his job.,entailment,entailment
234,Several younger people sitting in front of a statue.,several young people sitting outside,neutral,entailment
235,Several younger people sitting in front of a statue.,several young people are sitting in an auditorium,contradiction,contradiction
236,Several younger people sitting in front of a statue.,several young people sitting in a school courtyard,neutral,contradiction
237,A group of adults stands in the bathroom looking down a small child in the bath.,The childs mom is watching her son with her friends.,neutral,contradiction
238,A group of adults stands in the bathroom looking down a small child in the bath.,People are in the house.,entailment,entailment
239,A group of adults stands in the bathroom looking down a small child in the bath.,The child is sleeping.,contradiction,contradiction
240,A goofy looking woman is singing on stage.,A woman is singing.,entailment,entailment
241,A goofy looking woman is singing on stage.,A woman is reciting poetry on the stage.,contradiction,contradiction
242,A goofy looking woman is singing on stage.,A blonde woman is singing and dancing on the stage.,neutral,neutral
243,The girl wearing a brown jacket whilst walking in snow.,A woman is eating pasta in a restaurant.,contradiction,contradiction
244,The girl wearing a brown jacket whilst walking in snow.,The lady wearing a jacket is looking for her lost dog.,neutral,neutral
245,The girl wearing a brown jacket whilst walking in snow.,The girl is walking outside.,entailment,entailment
246,"A man, woman, and child get their picture taken in front of the mountains.",A family on vacation is posing.,entailment,neutral
247,"A man, woman, and child get their picture taken in front of the mountains.",People are outdoors.,entailment,entailment
248,"A man, woman, and child get their picture taken in front of the mountains.",A family is in their car.,contradiction,contradiction
249,people are standing near water with a boat heading their direction,The people are standing.,entailment,entailment
250,people are standing near water with a boat heading their direction,People are standing near water with a large blue boat heading their direction.,neutral,neutral
251,people are standing near water with a boat heading their direction,People are waiting in line at the restaurant.,contradiction,contradiction
252,Four adults eat while sitting on a tile floor.,Two couples eat food on a kitchen floor.,neutral,neutral
253,Four adults eat while sitting on a tile floor.,Two couples play pool in a bar.,contradiction,contradiction
254,Four adults eat while sitting on a tile floor.,A group of people eat food.,entailment,entailment
255,A dog standing near snow looking at water.,A cat is laying on the couch.,contradiction,contradiction
256,A dog standing near snow looking at water.,Animal is outdoors.,entailment,entailment
257,A dog standing near snow looking at water.,The dog is thinking about going to for a swim.,neutral,neutral
258,An older man leans against a pedestal outside of an ornate building.,An older man is leaning outside his nursing home,neutral,neutral
259,An older man leans against a pedestal outside of an ornate building.,A young man is jogging,contradiction,contradiction
260,An older man leans against a pedestal outside of an ornate building.,An older man leans outside a building,entailment,entailment
261,A person in orange clothing rests above a metro entrance.,A person is sitting at a baseball game.,contradiction,contradiction
262,A person in orange clothing rests above a metro entrance.,Someone is standing near a metro station.,entailment,entailment
263,A person in orange clothing rests above a metro entrance.,A person is waiting for a train.,neutral,neutral
264,A girl in a blue dress takes off her shoes and eats blue cotton candy.,The girl is eating blue cotton candy at a carnival.,neutral,neutral
265,A girl in a blue dress takes off her shoes and eats blue cotton candy.,The girl in a blue dress is a flower girl at a wedding.,neutral,neutral
266,A girl in a blue dress takes off her shoes and eats blue cotton candy.,The girl is eating while barefoot.,entailment,entailment
267,A black man in a white uniform makes a spectacular reverse slam dunk to the crowd's amazement.,the man is asian,contradiction,contradiction
268,A black man in a white uniform makes a spectacular reverse slam dunk to the crowd's amazement.,the man is playing,entailment,entailment
269,A black man in a white uniform makes a spectacular reverse slam dunk to the crowd's amazement.,the man is at home sleeping,contradiction,contradiction
270,A basketball player with green shoes is dunking the ball in the net while the arena crowd looks on.,A man is making a sandwich while a crowd gasps in awe.,contradiction,contradiction
271,A basketball player with green shoes is dunking the ball in the net while the arena crowd looks on.,A crowd is watching someone play basketball.,entailment,entailment
272,A basketball player with green shoes is dunking the ball in the net while the arena crowd looks on.,A famous NBA player is playing street ball in front of a crowd.,neutral,contradiction
273,A frowning old man in a military cap and a civilian suit stands amongst a crowd of people outdoors carrying signs and balloons.,A group of people are standing outside.,entailment,entailment
274,A frowning old man in a military cap and a civilian suit stands amongst a crowd of people outdoors carrying signs and balloons.,An angry military veteran watches as people protest the war.,neutral,neutral
275,A frowning old man in a military cap and a civilian suit stands amongst a crowd of people outdoors carrying signs and balloons.,A man is watching a group of people having a hot dog eating contest.,contradiction,contradiction
276,A woman wearing bike shorts and a skirt is riding a bike and carrying a shoulder bag.,A woman on a bike.,entailment,entailment
277,A woman wearing bike shorts and a skirt is riding a bike and carrying a shoulder bag.,A woman riding a bike to work.,neutral,neutral
278,A woman wearing bike shorts and a skirt is riding a bike and carrying a shoulder bag.,A woman driving a car.,contradiction,contradiction
279,A skateboarding youth does a trick on a rail.,A young person on a skateboard.,entailment,entailment
280,A skateboarding youth does a trick on a rail.,A man painting a tree.,contradiction,contradiction
281,A skateboarding youth does a trick on a rail.,A young boy showing his new skateboard tricks to his friends.,neutral,neutral
282,A guy wearing jeans and a hat is crouching on a handrail with a concrete embankment located in front of him.,He is wearing a button-up shirt.,neutral,neutral
283,A guy wearing jeans and a hat is crouching on a handrail with a concrete embankment located in front of him.,His bald head is exposed.,contradiction,contradiction
284,A guy wearing jeans and a hat is crouching on a handrail with a concrete embankment located in front of him.,A man is crouching on a handrail.,entailment,entailment
285,"Girl in a red coat, blue head wrap and jeans is making a snow angel.",A girl in a red coat makes a snow angel for the first time.,neutral,neutral
286,"Girl in a red coat, blue head wrap and jeans is making a snow angel.",Girl in a black coat stays indoors away from the snow.,contradiction,contradiction
287,"Girl in a red coat, blue head wrap and jeans is making a snow angel.",A girl outside plays in the snow.,entailment,contradiction
288,A group of people gathered at night watching an event.,The group of friends are asleep.,contradiction,contradiction
289,A group of people gathered at night watching an event.,A group of humans are looking at the same direction.,neutral,entailment
290,A group of people gathered at night watching an event.,A group of friends are watching the music concert at night.,neutral,neutral
291,The American footballer in yellow catches the ball whilst under pressure from the payer in white.,The football player is under duress.,entailment,entailment
292,The American footballer in yellow catches the ball whilst under pressure from the payer in white.,The American football player in yellow catches the ball while under pressure from the player in white.,entailment,entailment
293,The American footballer in yellow catches the ball whilst under pressure from the payer in white.,The basketball player shoots a three pointer.,contradiction,contradiction
294,"A person with blue hair, a baseball cap, and a hood on stands outdoors in a crowd.",A person is enjoying a sporting event.,neutral,neutral
295,"A person with blue hair, a baseball cap, and a hood on stands outdoors in a crowd.",A person is dancing and singing.,contradiction,contradiction
296,"A person with blue hair, a baseball cap, and a hood on stands outdoors in a crowd.",A person is standing outdoors.,entailment,entailment
297,A girl holding a beverage points at a painting.,The girl is in the bathtub,contradiction,contradiction
298,A girl holding a beverage points at a painting.,The girl is drinking an alcoholic beverage.,neutral,neutral
299,A girl holding a beverage points at a painting.,The girl has a beverage.,entailment,entailment
300,"A man in a black shirt, in a commercial kitchen, holding up meat he took out of a bag.","A man in a black shirt, in a commercial kitchen, holding up the old meat he took out of a bag.",neutral,neutral
301,"A man in a black shirt, in a commercial kitchen, holding up meat he took out of a bag.","A woman in a black shirt, in a commercial kitchen, holding up meat he took out of a bag.",contradiction,contradiction
302,"A man in a black shirt, in a commercial kitchen, holding up meat he took out of a bag.","A man in a shirt, in a commercial kitchen, holding up meat he took out of a bag.",entailment,entailment
303,A person in a red shirt is mowing the grass with a green riding mower.,A person in red is swimming in the Olympics.,contradiction,contradiction
304,A person in a red shirt is mowing the grass with a green riding mower.,A person in red is moving grass on a John Deer motor.,neutral,contradiction
305,A person in a red shirt is mowing the grass with a green riding mower.,A person in red is cutting the grass on a riding mower,entailment,entailment
306,Group of people wearing black shirts riding in an open top vehicle.,A group of people go down the road in a convertible.,entailment,neutral
307,Group of people wearing black shirts riding in an open top vehicle.,The driver was wearing a purple shirt.,contradiction,neutral
308,Group of people wearing black shirts riding in an open top vehicle.,Froends ride in an open top vehicle together.,neutral,entailment
309,Two men prepare a fish at a dock.,Two men have just come in from fishing all day,neutral,contradiction
310,Two men prepare a fish at a dock.,Two men are cleaning their fish,entailment,entailment
311,Two men prepare a fish at a dock.,Two men are sitting in a canoe with their fishing poles,contradiction,contradiction
312,A woman with her face partially covered in silver face paint sits on a plastic tote looking in a mirror.,The woman is a model.,neutral,neutral
313,A woman with her face partially covered in silver face paint sits on a plastic tote looking in a mirror.,The woman has something on her face.,entailment,entailment
314,A woman with her face partially covered in silver face paint sits on a plastic tote looking in a mirror.,The woman is blind.,contradiction,contradiction
315,A man in an Alaska sweatshirt stands behind a counter.,The man is wearing a tank top.,contradiction,contradiction
316,A man in an Alaska sweatshirt stands behind a counter.,The man is from Alaska.,neutral,neutral
317,A man in an Alaska sweatshirt stands behind a counter.,The person behind the counter is a man.,entailment,entailment
318,A large group of people walking in a busy city at night.,People are eating lunch in a restaurant.,contradiction,contradiction
319,A large group of people walking in a busy city at night.,People are walking a city.,entailment,entailment
320,A large group of people walking in a busy city at night.,People are outside in a park.,contradiction,contradiction
321,"A woman, in red and white, and wearing glasses, sits in a room with other people.",A woman is sitting in a room with other people.,entailment,entailment
322,"A woman, in red and white, and wearing glasses, sits in a room with other people.",A woman is on her phone sitting in a room.,neutral,neutral
323,"A woman, in red and white, and wearing glasses, sits in a room with other people.",A man is fixing his car.,contradiction,contradiction
324,A softball player throws the ball to her teammate.,Teammates are competing in a softballs championship.,neutral,neutral
325,A softball player throws the ball to her teammate.,Two people are playing softball.,entailment,entailment
326,A softball player throws the ball to her teammate.,Two softball players are sitting on a bench.,contradiction,neutral
327,A biker races.,A person is riding a bike,entailment,entailment
328,A biker races.,The biker loses the race,neutral,contradiction
329,A biker races.,The car is yellow,contradiction,contradiction
330,Two little boys are smiling and laughing while one is standing and one is in a bouncy seat.,There are two little boys smiling.,entailment,entailment
331,Two little boys are smiling and laughing while one is standing and one is in a bouncy seat.,The little boys are crying.,contradiction,contradiction
332,Two little boys are smiling and laughing while one is standing and one is in a bouncy seat.,The boys are siblings playing with each other.,neutral,neutral
333,Island native fishermen reeling in their nets after a long day's work.,The men caught many fish.,neutral,neutral
334,Island native fishermen reeling in their nets after a long day's work.,The men did not go to work today but instead played bridge.,contradiction,contradiction
335,Island native fishermen reeling in their nets after a long day's work.,The men are finishing their day of work.,entailment,entailment
336,These are young adults who seem to be working together to protect the plants surrounding the white pole.,The plants are ferns,neutral,neutral
337,These are young adults who seem to be working together to protect the plants surrounding the white pole.,The adults are young,entailment,entailment
338,These are young adults who seem to be working together to protect the plants surrounding the white pole.,The adults are old,contradiction,contradiction
339,"Two college football players battle it out outdoors on the field during game day, where one is the quarterback trying to throw the ball, and the other player is in action about to sack the quarterback.",Two teams from rival colleges are in the fourth quarter of a game.,neutral,neutral
340,"Two college football players battle it out outdoors on the field during game day, where one is the quarterback trying to throw the ball, and the other player is in action about to sack the quarterback.",Some girls playing basketball.,contradiction,contradiction
341,"Two college football players battle it out outdoors on the field during game day, where one is the quarterback trying to throw the ball, and the other player is in action about to sack the quarterback.",A college football game.,entailment,entailment
342,Two people are playing American Football and one of them is trying to stop the other from throwing the ball.,A lineman is trying to tackle the quarterback before he makes the game winning touchdown.,neutral,neutral
343,Two people are playing American Football and one of them is trying to stop the other from throwing the ball.,A pitcher throws the baseball to the batter as he attempts to hit it out of the park.,contradiction,contradiction
344,Two people are playing American Football and one of them is trying to stop the other from throwing the ball.,A game of football is being played.,entailment,entailment
345,A man playing billiards at a bar.,A man is playing with friends.,neutral,neutral
346,A man playing billiards at a bar.,A man is playing billiards.,entailment,entailment
347,A man playing billiards at a bar.,A man is playing checkers.,contradiction,contradiction
348,A golden dog passes a blue ball to another golden dog on the beach.,The dogs are friends.,neutral,neutral
349,A golden dog passes a blue ball to another golden dog on the beach.,The dogs are refusing to share.,contradiction,contradiction
350,A golden dog passes a blue ball to another golden dog on the beach.,The golden dog is playing ball with another dog outside.,entailment,entailment
351,People are on an escalator waiting to get to their destination while looking outside of the glass that makes up the wall.,The people are going up on the escalator.,neutral,entailment
352,People are on an escalator waiting to get to their destination while looking outside of the glass that makes up the wall.,People are taking the elevator.,contradiction,contradiction
353,People are on an escalator waiting to get to their destination while looking outside of the glass that makes up the wall.,People are riding on the escalator.,entailment,entailment
354,A woman is weaving with a comb in her hand.,A woman is at work.,neutral,entailment
355,A woman is weaving with a comb in her hand.,A woman is doing something with her hands.,entailment,entailment
356,A woman is weaving with a comb in her hand.,A woman is sitting with empty hands.,contradiction,contradiction
357,A boy is riding down the road between two cows.,A boy rides a horse by two cows.,neutral,neutral
358,A boy is riding down the road between two cows.,"A boy, a road and two cows.",entailment,entailment
359,A boy is riding down the road between two cows.,A single cow is alone.,contradiction,contradiction
360,A birthday party for many little people to enjoy.,Children enjoying a birthday party.,neutral,entailment
361,A birthday party for many little people to enjoy.,Children are running down the street.,contradiction,neutral
362,A birthday party for many little people to enjoy.,Children at a birthday party.,neutral,entailment
363,"There are five singers on a stage, three women and two men.",There are more females than males.,entailment,neutral
364,"There are five singers on a stage, three women and two men.",The performers are playing bagpipes.,contradiction,contradiction
365,"There are five singers on a stage, three women and two men.",The people performing are part of a chorus.,neutral,entailment
366,Two men are standing in a boat.,Some men are standing on top of a car.,contradiction,contradiction
367,Two men are standing in a boat.,A few men are fishing on a boat.,neutral,neutral
368,Two men are standing in a boat.,Some people are in a boat.,entailment,entailment
369,Young woman is putting her clothes in the dryer portion of a double stacked washer and dryer unit.,A person drying clothes,entailment,entailment
370,Young woman is putting her clothes in the dryer portion of a double stacked washer and dryer unit.,Nobody is drying clothes.,contradiction,contradiction
372,The sun breaks through the trees as a child rides a swing.,The child is riding a swing in the rain.,contradiction,contradiction
373,The sun breaks through the trees as a child rides a swing.,A child rides a swing in the daytime.,entailment,entailment
374,The sun breaks through the trees as a child rides a swing.,The child on the swing is a girl.,neutral,neutral
375,Everyone on the street in the city seem to be busy doing their own thing.,People are milling about the city street.,entailment,entailment
376,Everyone on the street in the city seem to be busy doing their own thing.,The people are watching what is happening.,contradiction,contradiction
377,Everyone on the street in the city seem to be busy doing their own thing.,People are conducting business in the city.,entailment,entailment
378,A man in an apron smiles as he pokes a frying donut with a little metal stick.,The man is cooking food.,entailment,entailment
379,A man in an apron smiles as he pokes a frying donut with a little metal stick.,The man is in the kitchen of a restaurant.,neutral,neutral
380,A man in an apron smiles as he pokes a frying donut with a little metal stick.,The man is washing his car.,contradiction,contradiction
381,A woman in tennis clothes running to hit a ball with her tennis racket.,A woman plays tennis.,entailment,entailment
382,A woman in tennis clothes running to hit a ball with her tennis racket.,Serina Williams plays tennis.,neutral,neutral
383,A woman in tennis clothes running to hit a ball with her tennis racket.,Pete Sampras plays tennis.,contradiction,neutral
384,Several women are playing volleyball.,They women are hitting a ball with their arms,entailment,neutral
385,Several women are playing volleyball.,This doesn't look like soccer,entailment,neutral
386,Several women are playing volleyball.,A bunch of women are playing volleyball,entailment,entailment
387,Two women's volleyball teams are competing against each other on a salmon-colored and turquoise court while a referee in black watches.,volleyball match is in progress between ladies,entailment,entailment
388,Two women's volleyball teams are competing against each other on a salmon-colored and turquoise court while a referee in black watches.,12 ladies play volleyball,neutral,neutral
389,Two women's volleyball teams are competing against each other on a salmon-colored and turquoise court while a referee in black watches.,ten boys play cricket,contradiction,contradiction
390,A little boy with a blue bike helmet and a woman in a green bike helmet are riding bikes down a street with other various bike riders.,A mother and her son ride bikes with others down a street.,neutral,entailment
391,A little boy with a blue bike helmet and a woman in a green bike helmet are riding bikes down a street with other various bike riders.,A group of people are changing a bike tire.,contradiction,contradiction
392,A little boy with a blue bike helmet and a woman in a green bike helmet are riding bikes down a street with other various bike riders.,A group of people ride bikes together down a street.,entailment,entailment
393,"People are riding bicycles in the street, and they are all wearing helmets.","A group of friends are biking through a street, all wearing their helmets",neutral,neutral
394,"People are riding bicycles in the street, and they are all wearing helmets.","A group of friends are grabbing their bikes, getting ready for the morning bike ride",contradiction,neutral
395,"People are riding bicycles in the street, and they are all wearing helmets.",A group of bicyclists are on a street outside,entailment,neutral
396,A middle eastern marketplace.,A middle easten store.,entailment,entailment
397,A middle eastern marketplace.,An American theater.,contradiction,contradiction
398,A middle eastern marketplace.,A foreign store.,entailment,entailment
399,a woman in a black shirt looking at a bicycle.,A woman sees a bicycle.,entailment,entailment
400,a woman in a black shirt looking at a bicycle.,A woman dressed in black shops for a bicycle.,neutral,contradiction
401,a woman in a black shirt looking at a bicycle.,A woman in green sleeps on a couch.,contradiction,contradiction
402,Four men playing drums in very orange lighting while one of them is also drinking something out of a bottle.,the men are musicians,entailment,neutral
403,Four men playing drums in very orange lighting while one of them is also drinking something out of a bottle.,the men are asleep in the motel,contradiction,contradiction
404,Four men playing drums in very orange lighting while one of them is also drinking something out of a bottle.,four men play drums,entailment,entailment
405,Young boys in green and blue jerseys kick around a soccer ball while other soccer games take place in the background.,Young boys throwing a baseball at a baseball field.,contradiction,contradiction
406,Young boys in green and blue jerseys kick around a soccer ball while other soccer games take place in the background.,Young boys waiting for their soccer game.,neutral,contradiction
407,Young boys in green and blue jerseys kick around a soccer ball while other soccer games take place in the background.,Young boys kicking around a soccer ball.,entailment,entailment
408,A man in a one piece tunic is riding a bike in front of a sandstone wall while touching his nose.,The man is testing the bike.,neutral,neutral
409,A man in a one piece tunic is riding a bike in front of a sandstone wall while touching his nose.,The man is driving a truck.,contradiction,contradiction
410,A man in a one piece tunic is riding a bike in front of a sandstone wall while touching his nose.,The man is riding a bike.,entailment,entailment
411,A guy and a girl look down a mountain range.,The people look at the mountains.,entailment,entailment
412,A guy and a girl look down a mountain range.,The couple is going to climb the mountains.,neutral,neutral
413,A guy and a girl look down a mountain range.,The people look into the sky.,contradiction,contradiction
414,"A man is sitting in the green chair, talking on the phone, and working on the laptop, and there is construction site next to his building.",The man is pacing nervously.,contradiction,contradiction
415,"A man is sitting in the green chair, talking on the phone, and working on the laptop, and there is construction site next to his building.",The man can hear the construction going on.,neutral,neutral
416,"A man is sitting in the green chair, talking on the phone, and working on the laptop, and there is construction site next to his building.",A man can is on the phone.,entailment,entailment
417,A boy hits a tennis ball on a court.,A girl is hitting the ball.,contradiction,contradiction
418,A boy hits a tennis ball on a court.,The boy is good at tennis.,neutral,neutral
419,A boy hits a tennis ball on a court.,A boy is hitting a ball.,entailment,entailment
420,A golden retriever nurses puppies.,A golden retriever nurses some other dogs puppies,neutral,neutral
421,A golden retriever nurses puppies.,Puppies next to their mother,entailment,entailment
422,A golden retriever nurses puppies.,A cat nurses puppies,contradiction,contradiction
423,A young man in a heavy brown winter coat stands in front of a blue railing with his arms spread.,The young man is at his grandmothers house.,neutral,contradiction
424,A young man in a heavy brown winter coat stands in front of a blue railing with his arms spread.,The railing is in front of a frozen lake.,neutral,contradiction
425,A young man in a heavy brown winter coat stands in front of a blue railing with his arms spread.,The man spreads his arms while standing in front of a railing.,entailment,entailment
426,A black man wearing a down jacket with his arms spread and holding a pink comb.,A man was wearing a jacket in winter.,neutral,neutral
427,A black man wearing a down jacket with his arms spread and holding a pink comb.,Someone wearing a cotton shirt was looking at a green hair comb.,contradiction,contradiction
428,A black man wearing a down jacket with his arms spread and holding a pink comb.,A man was wearing a jacket while holding a comb.,entailment,entailment
429,A man in a brown jacket stands with his arms spread.,The man pleads for mercy.,neutral,neutral
430,A man in a brown jacket stands with his arms spread.,The man is upright.,entailment,entailment
431,A man in a brown jacket stands with his arms spread.,The man sits crosslegged on the floor.,contradiction,contradiction
432,A man wearing a red vest is walking past a black and green fence.,The man wearing the vest is walking down the street.,neutral,contradiction
433,A man wearing a red vest is walking past a black and green fence.,A man is wearing a vest.,entailment,entailment
434,A man wearing a red vest is walking past a black and green fence.,The man wearing the vest is sitting on the sofa.,contradiction,contradiction
435,These girls are having a great time looking for seashells.,The girls are happy.,entailment,entailment
436,These girls are having a great time looking for seashells.,The girls are taking a nap.,contradiction,contradiction
437,These girls are having a great time looking for seashells.,The girls are outside.,entailment,entailment
438,A man is playing the saxophone in the street and some people are sitting on the curb next to the street by him.,A man is playing an instrument on the street near other people.,entailment,entailment
439,A man is playing the saxophone in the street and some people are sitting on the curb next to the street by him.,A man is trying to earn money by playing for other people on the street.,neutral,neutral
440,A man is playing the saxophone in the street and some people are sitting on the curb next to the street by him.,A woman is flying crosscountry.,contradiction,contradiction
441,A standing man talks to a seated woman while on some sort of vehicle.,Two people are talking.,entailment,entailment
442,A standing man talks to a seated woman while on some sort of vehicle.,Three people are having a meeting.,contradiction,neutral
443,A standing man talks to a seated woman while on some sort of vehicle.,Two people are discussing their relationship.,neutral,neutral
444,"A young boy with close-cropped hair, wearing a red robe, is holding a black kettle as someone is about to pour something in it.",a small boy runs through the corn field,contradiction,contradiction
445,"A young boy with close-cropped hair, wearing a red robe, is holding a black kettle as someone is about to pour something in it.",a small boy holds a kettle that will soon be filled with salsa,neutral,neutral
446,"A young boy with close-cropped hair, wearing a red robe, is holding a black kettle as someone is about to pour something in it.",a small boy is holding a kettle that will soon be filled,entailment,entailment
447,Four people and a baby are crossing the street at a crosswalk.,People and a baby riding the bus.,contradiction,contradiction
448,Four people and a baby are crossing the street at a crosswalk.,People and a baby crossing the street.,entailment,entailment
449,Four people and a baby are crossing the street at a crosswalk.,People and a baby are crossing the street at a crosswalk to get home.,neutral,neutral
450,Two woman wearing dresses are standing outside on the grass while one of them is holding a cup and saucer.,Two people are standing on the grass.,entailment,entailment
451,Two woman wearing dresses are standing outside on the grass while one of them is holding a cup and saucer.,Two women in dresses are getting ready for the picnic.,neutral,neutral
452,Two woman wearing dresses are standing outside on the grass while one of them is holding a cup and saucer.,"The women are having a conversation at the office,",contradiction,contradiction
453,A woman leans over a small fence to take a picture of a yellow flower.,The woman is a professional photographer,neutral,neutral
454,A woman leans over a small fence to take a picture of a yellow flower.,The flower is blue,contradiction,contradiction
455,A woman leans over a small fence to take a picture of a yellow flower.,A woman is taking pictures,entailment,entailment
456,"A group of four children pose on a muddy beach, smiling and making faces.",Four kids pose on a beach.,entailment,entailment
457,"A group of four children pose on a muddy beach, smiling and making faces.",Four kids pose during summer vacation.,neutral,neutral
458,"A group of four children pose on a muddy beach, smiling and making faces.",A man stirs the stew.,contradiction,neutral
459,Several men at a bar watch a sports game on the television.,Some men are watching TV at a bar.,entailment,entailment
460,Several men at a bar watch a sports game on the television.,There are men drinking beer at a sports bar.,neutral,neutral
461,Several men at a bar watch a sports game on the television.,The men are at a baseball game.,contradiction,neutral
462,"Two roadside workers with lime green safety jackets, white hard hats and gloves on with construction cones in the background",Two men are wearing lime green jackets.,entailment,entailment
463,"Two roadside workers with lime green safety jackets, white hard hats and gloves on with construction cones in the background",Two men are placing construction cones in preparation of a new pipeline building.,neutral,neutral
464,"Two roadside workers with lime green safety jackets, white hard hats and gloves on with construction cones in the background",A woman chastises another.,contradiction,neutral
465,"A woman in a black outfit lies face first on a yoga mat; several paintings are hanged on the wall, and the sun shines through a large window near her.",An artist relaxes in her studio.,neutral,entailment
466,"A woman in a black outfit lies face first on a yoga mat; several paintings are hanged on the wall, and the sun shines through a large window near her.",There is a person in a room.,entailment,entailment
467,"A woman in a black outfit lies face first on a yoga mat; several paintings are hanged on the wall, and the sun shines through a large window near her.",A woman is asleep while moonlight filters in the window.,contradiction,contradiction
468,Children in yellow sports uniforms climbing a tower.,The children are martial arts students.,neutral,neutral
469,Children in yellow sports uniforms climbing a tower.,The kids crawl in sand.,contradiction,contradiction
470,Children in yellow sports uniforms climbing a tower.,Children in uniforms climb a tower.,entailment,entailment
471,Some dogs are running on a deserted beach.,They are in Hawaii.,neutral,neutral
472,Some dogs are running on a deserted beach.,There is only one dog at the beach.,contradiction,contradiction
473,Some dogs are running on a deserted beach.,There are multiple dogs present.,entailment,entailment
474,A crowded city street with lots of pedestrians.,There alot of motorcyclists on this road.,neutral,contradiction
475,A crowded city street with lots of pedestrians.,There are many pedestrians on the city street.,entailment,entailment
476,A crowded city street with lots of pedestrians.,The pedistrians are waiting for a parade to come through this busy street.,neutral,neutral
477,A woman wearing a bright orange blouse is weaving.,A woman is wearing a bright orange blouse and a green hat.,neutral,neutral
478,A woman wearing a bright orange blouse is weaving.,A woman is ironing red pants.,contradiction,contradiction
479,A woman wearing a bright orange blouse is weaving.,A woman is weaving.,entailment,entailment
480,A group of people are in a rowboat in the ocean surrounded by seagulls.,A group of people are inside watching a hockey game.,contradiction,contradiction
481,A group of people are in a rowboat in the ocean surrounded by seagulls.,A bunch of people are in a wooden object on the water.,neutral,entailment
482,A group of people are in a rowboat in the ocean surrounded by seagulls.,A group of people are rowing towards some islands while one of them fishes.,neutral,neutral
483,A woman in a brown shirt is kneeling in the street.,A woman is protesting in the street.,neutral,neutral
484,A woman in a brown shirt is kneeling in the street.,A woman is on the ground outside.,entailment,entailment
485,A woman in a brown shirt is kneeling in the street.,A woman is riding a bicycle.,contradiction,contradiction
486,A man holding a baby who is petting a pony.,A man who kidnap a baby is petting a pony.,neutral,contradiction
487,A man holding a baby who is petting a pony.,A man with a baby is petting a pony.,entailment,entailment
488,A man holding a baby who is petting a pony.,A man and his daughter are petting a pony.,neutral,contradiction
489,Men sitting on the side of a brick road.,me are sitting on the side of a road,entailment,contradiction
490,Men sitting on the side of a brick road.,the side of the road is empty.,contradiction,contradiction
491,Men sitting on the side of a brick road.,men are talking on the side of the road,neutral,neutral
492,A black dog with a blue collar is jumping into the water.,A dog is going to get wet.,entailment,entailment
493,A black dog with a blue collar is jumping into the water.,A black dog wearing a blue collar is chasing something into the water.,neutral,neutral
494,A black dog with a blue collar is jumping into the water.,A dog is avoiding the water.,contradiction,contradiction
495,A young girl in a yellow top and a flowered skirt is standing on a blanket and biting on a toy.,A girl is standing.,entailment,entailment
496,A young girl in a yellow top and a flowered skirt is standing on a blanket and biting on a toy.,A girl is standing outside.,neutral,entailment
497,A young girl in a yellow top and a flowered skirt is standing on a blanket and biting on a toy.,Everyone is sitting.,contradiction,contradiction
498,many children play in the water.,The children are at camp.,neutral,contradiction
499,many children play in the water.,Some kids splash in the water and interact with each other.,neutral,neutral
